{"cameraMode":{"drawMode":0,"name":"Shaded","section":"Shading Mode"},"sceneLighting":false,"audioPlay":false,"sceneViewState":{"m_AlwaysRefresh":false,"showFog":true,"showSkybox":true,"showFlares":true,"showImageEffects":true,"showParticleSystems":true,"showVisualEffectGraphs":true,"m_FxEnabled":false},"in2DMode":false,"pivot":{"x":-0.4993903934955597,"y":15.72569465637207,"z":-1.2062687873840333},"rotation":{"x":-0.017205452546477319,"y":-0.556614100933075,"z":-0.011508083902299405,"w":0.8305709958076477},"size":0.5991803407669067,"orthographic":false}